{"type":"Topology","arcs":[[[68352,7855],[-771,-1392],[1525,-985],[3646,-1733],[-1184,-289],[-1427,-3456],[-4858,2802],[-1449,2463],[-8092,5274],[-1186,900],[-2106,2489],[-2094,745],[-2808,2208],[233,969],[-1008,822],[-5473,2215],[-1114,1554],[-2312,936],[-3398,2124],[-2609,-448],[-2462,1612],[-1039,1274],[-2974,580],[-3063,-995],[-3146,1879],[-3430,1320],[-3225,-230],[-2872,-898],[-2061,912],[-1079,3270],[640,297],[-395,1639],[415,1616],[1902,-1138],[2196,3663],[-1256,702],[-569,1220],[569,822],[-461,923],[-1137,562],[341,2048],[-1750,1816],[-2089,675],[-1793,2648],[-1342,3788],[2105,1653],[790,1333],[-211,2493],[2368,-1298],[2637,969],[-43,5317],[1033,647],[-268,2178],[-560,1942],[-1347,-157],[-1227,2620],[-36,3430],[-430,1502],[-1604,453],[-712,1692],[1355,489],[125,745],[1478,544],[27,1263],[-875,1844],[-336,1972],[-6056,2931],[275,1184],[1927,-488],[2269,780],[-442,1992],[194,1301],[1837,1419],[-1181,2053],[-1231,43],[-891,1274],[1103,821],[5326,-715],[1258,-453],[1131,471],[4126,-498],[3648,-1162],[2732,-2145],[1360,-1362],[551,-1150],[1051,-48],[773,-1846],[-368,-784],[154,-3532],[4197,-219],[1266,-1444],[1129,8],[511,775],[194,2866],[-3112,267],[71,1012],[-1659,961],[-1479,2005],[2170,-503],[745,-554],[7391,-2827],[2104,-1503],[-13,-944],[1567,-280],[74,-1171],[4513,-540],[3000,-582],[4090,-1651],[-118,-606],[2407,-250],[2066,859],[-128,927],[3483,516],[2199,741],[3286,1695],[4563,772],[1698,712],[4105,1192],[88,-1309],[2391,-151],[4288,370],[1492,-63],[2142,391],[104,-2433],[688,-2985],[1193,-2648],[1547,-2193],[620,-2820],[953,-112],[1852,-2910],[939,-500],[6,-1022],[1129,-87],[88,-1188],[1014,-426],[-443,-1966],[2137,-943],[-598,-2208],[392,-2755],[1047,-1855],[-1358,-485],[834,-1933],[109,-1529],[1423,-2133],[-400,-1553],[-1979,-3987],[-2758,-4600],[-1178,-3049],[-619,-2223],[-1028,267],[-1523,2260],[-4113,2461],[-1947,781],[-5505,1680],[-2942,-39],[842,-1789],[-162,-2178],[1188,-1889],[197,-2222],[686,-1465],[1858,-2404],[-683,-541],[656,-1878],[-1519,-219],[-54,-1678],[-1586,-1742],[-406,-2854],[617,-836],[-6,-3466],[1993,-1344],[2023,-755],[1147,-1],[4338,1716],[2163,336],[1665,-486],[2207,-2833],[201,-1816],[468,-740],[142,-3843],[793,-1347],[-348,-3603],[-4637,-3342],[-1590,2544],[-4293,5510],[-725,-717],[-3091,773],[-817,-580],[-842,1101],[-1393,-1262],[-1305,924],[-1926,597],[-1768,-1589],[-1199,-701],[-606,-1527],[-1883,887]]],"transform":{"scale":[0.0000010422964229642196,9.302773027730684e-7],"translate":[139.582386,35.589977]},"objects":{"setagaya-admin":{"type":"GeometryCollection","geometries":[{"arcs":[[0]],"type":"Polygon","properties":{"name":"世田谷区","name:en":"Setagaya","admin_level":"7","boundary":"administrative","wikidata":"Q231645","ref":"131121"}}]}}}