{"type":"Topology","arcs":[[[55985,616984],[22210,-27823],[16787,8359],[10221,-15488],[9214,-15998],[21936,2232],[-13309,32090],[-2251,7036],[-14452,20863],[-16526,21949],[-1098,3234],[-16193,22088],[-39586,43876],[-5942,7686],[-2794,8823],[3467,7333],[-2135,4755],[3946,6064],[3650,13164],[-1483,4581],[5667,18647],[-15,6455],[5351,8522],[-3233,14397],[2289,15548],[4506,21036],[6715,22595],[1335,12243],[-8599,28554],[-11656,24249],[-34007,55320],[4971,625],[8656,-4209],[19688,-14280],[11689,-4261],[7573,-5882],[6951,-8514],[10766,-20936],[1203,-16914],[-1691,-10573],[4272,-9551],[154,-11651],[18894,-975],[-54,-5793],[10924,-3432],[19178,7775],[13764,3457],[17431,6157],[6843,4570],[8597,-3109],[15163,-17655],[3618,2743],[6795,-4653],[13505,-14152],[6325,-3842],[3902,-7135],[-1338,-5336],[7468,-5747],[6990,5174],[4006,-3772],[13109,15803],[29533,-15163],[21818,-18671],[32032,-10059],[26457,-3601],[25277,-1602],[15516,-22],[-36,13891],[11585,2515],[6666,4256],[2697,11172],[448,14842],[7451,-1651],[6494,6081],[2204,6629],[14437,18861],[11345,3683],[11338,-2293],[20527,-2178],[10905,1809],[10956,3778],[21454,757],[25509,13954],[11168,8742],[9436,19043],[11974,16949],[8013,14288],[10901,22196],[20085,-11909],[-1654,-11569],[7031,-10013],[10025,8205],[22614,-1141],[968,-15021],[15865,486],[1729,-23869],[11414,774],[21365,-410],[55852,2659],[43067,3707],[65443,-12577],[62122,-9915],[48616,-8460],[-9252,-109419],[-22761,-99951],[-20139,-59560],[-41174,-53990],[-34567,-45888],[-63341,-68699],[-57151,-78646],[-29604,-51659],[-60186,-156894],[-30729,-59413],[-29692,-42768],[-36161,-60016],[-5041,-15556],[-18598,6594],[-96298,39251],[-14736,3343],[2417,27508],[-56469,5896],[8360,62623],[-30887,4221],[-44609,4348],[-29425,3343],[1678,25390],[-11610,2604],[-35940,3645],[6143,28358],[-14212,1570],[5434,58397],[-69619,6227],[2543,57512],[46690,-4847],[3161,30897],[-18850,-597],[-1674,23184],[-32040,-8481],[-16263,-3512],[-6071,5747],[-15094,-2509],[-10743,-5166],[-16322,1442],[-6254,3159],[89,10605],[12156,87],[-35,5374],[-7399,2059],[-3264,9641],[-537,15325],[11656,-223],[17858,-3327],[1216,2173],[31,19187],[-23682,1141],[-2257,8693],[16052,1746],[678,16531],[2736,13633],[-1592,5875],[-11909,8516],[-13749,3547],[-17939,8245],[1592,10241],[-3155,9489],[10379,21927],[-2325,16789],[-8052,15584],[-5570,13508],[-13680,2580],[-4550,9505],[10324,8386]]],"transform":{"scale":[4.753754753755176e-8,3.682183682183528e-8],"translate":[139.7622652,35.6948026]},"objects":{"taito-admin":{"type":"GeometryCollection","geometries":[{"arcs":[[0]],"type":"Polygon","properties":{"name":"台東区","name:en":"Taito","admin_level":"7","boundary":"administrative","wikidata":"Q232641","ref":"131067"}}]}}}